[
  {
    "id": "2025-08-15-pl-bournemouth-h-2000",
    "season": "25/26",
    "date": "2025-08-15",
    "time": "20:00",
    "datetime_utc": "2025-08-15T20:00:00Z",
    "competition": "PL",
    "opponent": "Bournemouth",
    "venue": "H",
    "location": ""
  },
  {
    "id": "2025-08-23-pl-newcastleunited-a-1500",
    "season": "25/26",
    "date": "2025-08-23",
    "time": "15:00",
    "datetime_utc": "2025-08-23T15:00:00Z",
    "competition": "PL",
    "opponent": "Newcastle United",
    "venue": "A",
    "location": ""
  },
  {
    "id": "2025-08-30-pl-arsenal-h-1500",
    "season": "25/26",
    "date": "2025-08-30",
    "time": "15:00",
    "datetime_utc": "2025-08-30T15:00:00Z",
    "competition": "PL",
    "opponent": "Arsenal",
    "venue": "H",
    "location": ""
  },
  {
    "id": "2025-09-13-pl-burnley-a-1500",
    "season": "25/26",
    "date": "2025-09-13",
    "time": "15:00",
    "datetime_utc": "2025-09-13T15:00:00Z",
    "competition": "PL",
    "opponent": "Burnley",
    "venue": "A",
    "location": ""
  },
  {
    "id": "2025-09-20-pl-everton-h-1500",
    "season": "25/26",
    "date": "2025-09-20",
    "time": "15:00",
    "datetime_utc": "2025-09-20T15:00:00Z",
    "competition": "PL",
    "opponent": "Everton",
    "venue": "H",
    "location": ""
  },
  {
    "id": "2025-09-27-pl-crystalpalace-a-1500",
    "season": "25/26",
    "date": "2025-09-27",
    "time": "15:00",
    "datetime_utc": "2025-09-27T15:00:00Z",
    "competition": "PL",
    "opponent": "Crystal Palace",
    "venue": "A",
    "location": ""
  },
  {
    "id": "2025-10-04-pl-chelsea-a-1500",
    "season": "25/26",
    "date": "2025-10-04",
    "time": "15:00",
    "datetime_utc": "2025-10-04T15:00:00Z",
    "competition": "PL",
    "opponent": "Chelsea",
    "venue": "A",
    "location": ""
  },
  {
    "id": "2025-10-18-pl-manchesterunited-h-1500",
    "season": "25/26",
    "date": "2025-10-18",
    "time": "15:00",
    "datetime_utc": "2025-10-18T15:00:00Z",
    "competition": "PL",
    "opponent": "Manchester United",
    "venue": "H",
    "location": ""
  },
  {
    "id": "2025-10-25-pl-brentford-a-1500",
    "season": "25/26",
    "date": "2025-10-25",
    "time": "15:00",
    "datetime_utc": "2025-10-25T15:00:00Z",
    "competition": "PL",
    "opponent": "Brentford",
    "venue": "A",
    "location": ""
  },
  {
    "id": "2025-11-01-pl-astonvilla-h-1500",
    "season": "25/26",
    "date": "2025-11-01",
    "time": "15:00",
    "datetime_utc": "2025-11-01T15:00:00Z",
    "competition": "PL",
    "opponent": "Aston Villa",
    "venue": "H",
    "location": ""
  },
  {
    "id": "2025-11-08-pl-manchestercity-a-1500",
    "season": "25/26",
    "date": "2025-11-08",
    "time": "15:00",
    "datetime_utc": "2025-11-08T15:00:00Z",
    "competition": "PL",
    "opponent": "Manchester City",
    "venue": "A",
    "location": ""
  },
  {
    "id": "2025-11-22-pl-nottinghamforest-h-1500",
    "season": "25/26",
    "date": "2025-11-22",
    "time": "15:00",
    "datetime_utc": "2025-11-22T15:00:00Z",
    "competition": "PL",
    "opponent": "Nottingham Forest",
    "venue": "H",
    "location": ""
  },
  {
    "id": "2025-11-29-pl-westhamunited-a-1500",
    "season": "25/26",
    "date": "2025-11-29",
    "time": "15:00",
    "datetime_utc": "2025-11-29T15:00:00Z",
    "competition": "PL",
    "opponent": "West Ham United",
    "venue": "A",
    "location": ""
  },
  {
    "id": "2025-12-03-pl-sunderland-h-2000",
    "season": "25/26",
    "date": "2025-12-03",
    "time": "20:00",
    "datetime_utc": "2025-12-03T20:00:00Z",
    "competition": "PL",
    "opponent": "Sunderland",
    "venue": "H",
    "location": ""
  },
  {
    "id": "2025-12-06-pl-leedsunited-a-1500",
    "season": "25/26",
    "date": "2025-12-06",
    "time": "15:00",
    "datetime_utc": "2025-12-06T15:00:00Z",
    "competition": "PL",
    "opponent": "Leeds United",
    "venue": "A",
    "location": ""
  },
  {
    "id": "2025-12-13-pl-brightonhovealbion-h-1500",
    "season": "25/26",
    "date": "2025-12-13",
    "time": "15:00",
    "datetime_utc": "2025-12-13T15:00:00Z",
    "competition": "PL",
    "opponent": "Brighton & Hove Albion",
    "venue": "H",
    "location": ""
  },
  {
    "id": "2025-12-20-pl-tottenhamhotspur-a-1500",
    "season": "25/26",
    "date": "2025-12-20",
    "time": "15:00",
    "datetime_utc": "2025-12-20T15:00:00Z",
    "competition": "PL",
    "opponent": "Tottenham Hotspur",
    "venue": "A",
    "location": ""
  },
  {
    "id": "2025-12-27-pl-wolverhamptonwanderers-h-1500",
    "season": "25/26",
    "date": "2025-12-27",
    "time": "15:00",
    "datetime_utc": "2025-12-27T15:00:00Z",
    "competition": "PL",
    "opponent": "Wolverhampton Wanderers",
    "venue": "H",
    "location": ""
  },
  {
    "id": "2025-12-30-pl-leedsunited-h-2000",
    "season": "25/26",
    "date": "2025-12-30",
    "time": "20:00",
    "datetime_utc": "2025-12-30T20:00:00Z",
    "competition": "PL",
    "opponent": "Leeds United",
    "venue": "H",
    "location": ""
  },
  {
    "id": "2026-01-08-pl-arsenal-a",
    "season": "25/26",
    "datetime_utc": "2026-01-08T00:00:00+00:00",
    "date": "2026-01-08",
    "time": "00:00",
    "competition": "PL",
    "opponent": "Arsenal",
    "venue": "A",
    "location": "Emirates Stadium\\, London"
  },
  {
    "id": "2026-01-12-fa-barnsley-h",
    "season": "25/26",
    "datetime_utc": "2026-01-12T00:00:00+00:00",
    "date": "2026-01-12",
    "time": "00:00",
    "competition": "FA",
    "opponent": "Barnsley",
    "venue": "H",
    "location": "Anfield\\, Liverpool"
  },
  {
    "id": "2026-01-17-pl-burnley-h",
    "season": "25/26",
    "datetime_utc": "2026-01-17T00:00:00+00:00",
    "date": "2026-01-17",
    "time": "00:00",
    "competition": "PL",
    "opponent": "Burnley",
    "venue": "H",
    "location": "Anfield\\, Liverpool"
  },
  {
    "id": "2026-01-18-other-welcometoliverpoolfc!-h",
    "season": "25/26",
    "datetime_utc": "2026-01-18T00:00:00+00:00",
    "date": "2026-01-18",
    "time": "00:00",
    "competition": "OTHER",
    "opponent": "Welcome to Liverpool FC!",
    "venue": "H",
    "location": "Proudly powered by ECAL"
  },
  {
    "id": "2026-01-21-ucl-marseille-a",
    "season": "25/26",
    "datetime_utc": "2026-01-21T00:00:00+00:00",
    "date": "2026-01-21",
    "time": "00:00",
    "competition": "UCL",
    "opponent": "Marseille",
    "venue": "A",
    "location": "Orange Vélodrome\\, Marseille"
  },
  {
    "id": "2026-01-24-pl-bournemouth-a",
    "season": "25/26",
    "datetime_utc": "2026-01-24T00:00:00+00:00",
    "date": "2026-01-24",
    "time": "00:00",
    "competition": "PL",
    "opponent": "Bournemouth",
    "venue": "A",
    "location": "Vitality Stadium\\, Bournemouth"
  },
  {
    "id": "2026-01-28-ucl-qarabag-h",
    "season": "25/26",
    "datetime_utc": "2026-01-28T00:00:00+00:00",
    "date": "2026-01-28",
    "time": "00:00",
    "competition": "UCL",
    "opponent": "Qarabag",
    "venue": "H",
    "location": "Anfield\\, Liverpool"
  },
  {
    "id": "2026-01-31-pl-newcastleunited-h",
    "season": "25/26",
    "datetime_utc": "2026-01-31T00:00:00+00:00",
    "date": "2026-01-31",
    "time": "00:00",
    "competition": "PL",
    "opponent": "Newcastle United",
    "venue": "H",
    "location": "Anfield\\, Liverpool"
  },
  {
    "id": "2026-02-08-pl-manchestercity-h",
    "season": "25/26",
    "datetime_utc": "2026-02-08T00:00:00+00:00",
    "date": "2026-02-08",
    "time": "00:00",
    "competition": "PL",
    "opponent": "Manchester City",
    "venue": "H",
    "location": "Anfield\\, Liverpool"
  },
  {
    "id": "2026-02-11-pl-sunderland-a",
    "season": "25/26",
    "datetime_utc": "2026-02-11T00:00:00+00:00",
    "date": "2026-02-11",
    "time": "00:00",
    "competition": "PL",
    "opponent": "Sunderland",
    "venue": "A",
    "location": "Stadium of Light\\, Sunderland"
  },
  {
    "id": "2026-02-14-fa-brightonandhovealbion-h",
    "season": "25/26",
    "datetime_utc": "2026-02-14T00:00:00+00:00",
    "date": "2026-02-14",
    "time": "00:00",
    "competition": "FA",
    "opponent": "Brighton and Hove Albion",
    "venue": "H",
    "location": "Anfield\\, Liverpool"
  },
  {
    "id": "2026-02-21-pl-nottinghamforest-a",
    "season": "25/26",
    "datetime_utc": "2026-02-21T00:00:00+00:00",
    "date": "2026-02-21",
    "time": "00:00",
    "competition": "PL",
    "opponent": "Nottingham Forest",
    "venue": "A",
    "location": "The City Ground\\, Nottingham"
  },
  {
    "id": "2026-02-28-pl-westhamunited-h",
    "season": "25/26",
    "datetime_utc": "2026-02-28T00:00:00+00:00",
    "date": "2026-02-28",
    "time": "00:00",
    "competition": "PL",
    "opponent": "West Ham United",
    "venue": "H",
    "location": "Anfield\\, Liverpool"
  },
  {
    "id": "2026-03-04-pl-wolverhamptonwanderers-a",
    "season": "25/26",
    "datetime_utc": "2026-03-04T00:00:00+00:00",
    "date": "2026-03-04",
    "time": "00:00",
    "competition": "PL",
    "opponent": "Wolverhampton Wanderers",
    "venue": "A",
    "location": "Molineux Stadium\\, Wolverhampton"
  },
  {
    "id": "2026-03-14-pl-tottenhamhotspur-h",
    "season": "25/26",
    "datetime_utc": "2026-03-14T00:00:00+00:00",
    "date": "2026-03-14",
    "time": "00:00",
    "competition": "PL",
    "opponent": "Tottenham Hotspur",
    "venue": "H",
    "location": "Anfield\\, Liverpool"
  },
  {
    "id": "2026-03-21-pl-brightonandhovealbion-a",
    "season": "25/26",
    "datetime_utc": "2026-03-21T00:00:00+00:00",
    "date": "2026-03-21",
    "time": "00:00",
    "competition": "PL",
    "opponent": "Brighton and Hove Albion",
    "venue": "A",
    "location": "American Express Stadium\\, Falmer"
  },
  {
    "id": "2026-04-11-pl-fulham-h",
    "season": "25/26",
    "datetime_utc": "2026-04-11T00:00:00+00:00",
    "date": "2026-04-11",
    "time": "00:00",
    "competition": "PL",
    "opponent": "Fulham",
    "venue": "H",
    "location": "Anfield\\, Liverpool"
  },
  {
    "id": "2026-04-18-pl-everton-a",
    "season": "25/26",
    "datetime_utc": "2026-04-18T00:00:00+00:00",
    "date": "2026-04-18",
    "time": "00:00",
    "competition": "PL",
    "opponent": "Everton",
    "venue": "A",
    "location": "Hill Dickinson Stadium\\, Liverpool"
  },
  {
    "id": "2026-04-25-pl-crystalpalace-h",
    "season": "25/26",
    "datetime_utc": "2026-04-25T00:00:00+00:00",
    "date": "2026-04-25",
    "time": "00:00",
    "competition": "PL",
    "opponent": "Crystal Palace",
    "venue": "H",
    "location": "Anfield\\, Liverpool"
  },
  {
    "id": "2026-05-02-pl-manchesterunited-a",
    "season": "25/26",
    "datetime_utc": "2026-05-02T00:00:00+00:00",
    "date": "2026-05-02",
    "time": "00:00",
    "competition": "PL",
    "opponent": "Manchester United",
    "venue": "A",
    "location": "Old Trafford\\, Manchester"
  },
  {
    "id": "2026-05-09-pl-chelsea-h",
    "season": "25/26",
    "datetime_utc": "2026-05-09T00:00:00+00:00",
    "date": "2026-05-09",
    "time": "00:00",
    "competition": "PL",
    "opponent": "Chelsea",
    "venue": "H",
    "location": "Anfield\\, Liverpool"
  },
  {
    "id": "2026-05-17-pl-astonvilla-a",
    "season": "25/26",
    "datetime_utc": "2026-05-17T00:00:00+00:00",
    "date": "2026-05-17",
    "time": "00:00",
    "competition": "PL",
    "opponent": "Aston Villa",
    "venue": "A",
    "location": "Villa Park\\, Birmingham"
  },
  {
    "id": "2026-05-24-pl-brentford-h",
    "season": "25/26",
    "datetime_utc": "2026-05-24T00:00:00+00:00",
    "date": "2026-05-24",
    "time": "00:00",
    "competition": "PL",
    "opponent": "Brentford",
    "venue": "H",
    "location": "Anfield\\, Liverpool"
  }
]