[
  {
    "id": "2026-01-31-pl-newcastleunited-h",
    "season": "25/26",
    "datetime_utc": "2026-01-31T00:00:00+00:00",
    "date": "2026-01-31",
    "time": "00:00",
    "competition": "PL",
    "opponent": "Newcastle United",
    "venue": "H",
    "location": "Anfield\\, Liverpool"
  },
  {
    "id": "2026-01-12-fa-barnsley-h",
    "season": "25/26",
    "datetime_utc": "2026-01-12T00:00:00+00:00",
    "date": "2026-01-12",
    "time": "00:00",
    "competition": "FA",
    "opponent": "Barnsley",
    "venue": "H",
    "location": "Anfield\\, Liverpool"
  },
  {
    "id": "2026-02-08-pl-manchestercity-h",
    "season": "25/26",
    "datetime_utc": "2026-02-08T00:00:00+00:00",
    "date": "2026-02-08",
    "time": "00:00",
    "competition": "PL",
    "opponent": "Manchester City",
    "venue": "H",
    "location": "Anfield\\, Liverpool"
  },
  {
    "id": "2026-05-17-pl-astonvilla-a",
    "season": "25/26",
    "datetime_utc": "2026-05-17T00:00:00+00:00",
    "date": "2026-05-17",
    "time": "00:00",
    "competition": "PL",
    "opponent": "Aston Villa",
    "venue": "A",
    "location": "Villa Park\\, Birmingham"
  },
  {
    "id": "2026-02-14-fa-brightonandhovealbion-h",
    "season": "25/26",
    "datetime_utc": "2026-02-14T00:00:00+00:00",
    "date": "2026-02-14",
    "time": "00:00",
    "competition": "FA",
    "opponent": "Brighton and Hove Albion",
    "venue": "H",
    "location": "Anfield\\, Liverpool"
  },
  {
    "id": "2026-02-11-pl-sunderland-a",
    "season": "25/26",
    "datetime_utc": "2026-02-11T00:00:00+00:00",
    "date": "2026-02-11",
    "time": "00:00",
    "competition": "PL",
    "opponent": "Sunderland",
    "venue": "A",
    "location": "Stadium of Light\\, Sunderland"
  },
  {
    "id": "2026-01-18-other-welcometoliverpoolfc!-h",
    "season": "25/26",
    "datetime_utc": "2026-01-18T00:00:00+00:00",
    "date": "2026-01-18",
    "time": "00:00",
    "competition": "OTHER",
    "opponent": "Welcome to Liverpool FC!",
    "venue": "H",
    "location": "Proudly powered by ECAL"
  },
  {
    "id": "2026-03-14-pl-tottenhamhotspur-h",
    "season": "25/26",
    "datetime_utc": "2026-03-14T00:00:00+00:00",
    "date": "2026-03-14",
    "time": "00:00",
    "competition": "PL",
    "opponent": "Tottenham Hotspur",
    "venue": "H",
    "location": "Anfield\\, Liverpool"
  },
  {
    "id": "2026-01-28-ucl-qarabag-h",
    "season": "25/26",
    "datetime_utc": "2026-01-28T00:00:00+00:00",
    "date": "2026-01-28",
    "time": "00:00",
    "competition": "UCL",
    "opponent": "Qarabag",
    "venue": "H",
    "location": "Anfield\\, Liverpool"
  },
  {
    "id": "2026-05-09-pl-chelsea-h",
    "season": "25/26",
    "datetime_utc": "2026-05-09T00:00:00+00:00",
    "date": "2026-05-09",
    "time": "00:00",
    "competition": "PL",
    "opponent": "Chelsea",
    "venue": "H",
    "location": "Anfield\\, Liverpool"
  },
  {
    "id": "2026-02-28-pl-westhamunited-h",
    "season": "25/26",
    "datetime_utc": "2026-02-28T00:00:00+00:00",
    "date": "2026-02-28",
    "time": "00:00",
    "competition": "PL",
    "opponent": "West Ham United",
    "venue": "H",
    "location": "Anfield\\, Liverpool"
  },
  {
    "id": "2026-03-04-pl-wolverhamptonwanderers-a",
    "season": "25/26",
    "datetime_utc": "2026-03-04T00:00:00+00:00",
    "date": "2026-03-04",
    "time": "00:00",
    "competition": "PL",
    "opponent": "Wolverhampton Wanderers",
    "venue": "A",
    "location": "Molineux Stadium\\, Wolverhampton"
  },
  {
    "id": "2026-02-21-pl-nottinghamforest-a",
    "season": "25/26",
    "datetime_utc": "2026-02-21T00:00:00+00:00",
    "date": "2026-02-21",
    "time": "00:00",
    "competition": "PL",
    "opponent": "Nottingham Forest",
    "venue": "A",
    "location": "The City Ground\\, Nottingham"
  },
  {
    "id": "2026-01-24-pl-bournemouth-a",
    "season": "25/26",
    "datetime_utc": "2026-01-24T00:00:00+00:00",
    "date": "2026-01-24",
    "time": "00:00",
    "competition": "PL",
    "opponent": "Bournemouth",
    "venue": "A",
    "location": "Vitality Stadium\\, Bournemouth"
  },
  {
    "id": "2026-01-08-pl-arsenal-a",
    "season": "25/26",
    "datetime_utc": "2026-01-08T00:00:00+00:00",
    "date": "2026-01-08",
    "time": "00:00",
    "competition": "PL",
    "opponent": "Arsenal",
    "venue": "A",
    "location": "Emirates Stadium\\, London"
  },
  {
    "id": "2026-04-25-pl-crystalpalace-h",
    "season": "25/26",
    "datetime_utc": "2026-04-25T00:00:00+00:00",
    "date": "2026-04-25",
    "time": "00:00",
    "competition": "PL",
    "opponent": "Crystal Palace",
    "venue": "H",
    "location": "Anfield\\, Liverpool"
  },
  {
    "id": "2026-01-17-pl-burnley-h",
    "season": "25/26",
    "datetime_utc": "2026-01-17T00:00:00+00:00",
    "date": "2026-01-17",
    "time": "00:00",
    "competition": "PL",
    "opponent": "Burnley",
    "venue": "H",
    "location": "Anfield\\, Liverpool"
  },
  {
    "id": "2026-01-21-ucl-marseille-a",
    "season": "25/26",
    "datetime_utc": "2026-01-21T00:00:00+00:00",
    "date": "2026-01-21",
    "time": "00:00",
    "competition": "UCL",
    "opponent": "Marseille",
    "venue": "A",
    "location": "Orange V\u00e9lodrome\\, Marseille"
  },
  {
    "id": "2026-04-18-pl-everton-a",
    "season": "25/26",
    "datetime_utc": "2026-04-18T00:00:00+00:00",
    "date": "2026-04-18",
    "time": "00:00",
    "competition": "PL",
    "opponent": "Everton",
    "venue": "A",
    "location": "Hill Dickinson Stadium\\, Liverpool"
  },
  {
    "id": "2026-05-24-pl-brentford-h",
    "season": "25/26",
    "datetime_utc": "2026-05-24T00:00:00+00:00",
    "date": "2026-05-24",
    "time": "00:00",
    "competition": "PL",
    "opponent": "Brentford",
    "venue": "H",
    "location": "Anfield\\, Liverpool"
  },
  {
    "id": "2026-05-02-pl-manchesterunited-a",
    "season": "25/26",
    "datetime_utc": "2026-05-02T00:00:00+00:00",
    "date": "2026-05-02",
    "time": "00:00",
    "competition": "PL",
    "opponent": "Manchester United",
    "venue": "A",
    "location": "Old Trafford\\, Manchester"
  },
  {
    "id": "2026-04-11-pl-fulham-h",
    "season": "25/26",
    "datetime_utc": "2026-04-11T00:00:00+00:00",
    "date": "2026-04-11",
    "time": "00:00",
    "competition": "PL",
    "opponent": "Fulham",
    "venue": "H",
    "location": "Anfield\\, Liverpool"
  },
  {
    "id": "2026-03-21-pl-brightonandhovealbion-a",
    "season": "25/26",
    "datetime_utc": "2026-03-21T00:00:00+00:00",
    "date": "2026-03-21",
    "time": "00:00",
    "competition": "PL",
    "opponent": "Brighton and Hove Albion",
    "venue": "A",
    "location": "American Express Stadium\\, Falmer"
  }
]